item_id,title,category_id,name
MLA824394064,Leche De Fórmula En Polvo Nestlé Nido Fortigrow Deslactosada En Lata De 800g,MLA39965,Leche Maternizada
MLA757505828,Leche Polvo Nido Fortigrow Deslactosada 800g X3 Envio Gratis,MLA39965,Leche Maternizada
MLA827359758,Cafetera Wacaco Minipresso Ns Negra ,MLA4340,Cafeteras
MLA835264633,Promo! Aeroccino 4 Espumador Leche Nespresso Original Envio!,MLA4340,Cafeteras
MLA685321087,Hot Sale! Caja 16 Capsulas Dolce Gusto! Lleva 6 Envio Gratis,MLA409412,Cápsulas
MLA744332248,Promo! 3 Cajas Capsulas Dolce Gusto! Por 2 Pack Envio Gratis,MLA409412,Cápsulas
MLA748262783,2 Cajas Capsulas Nespresso! Belgrano! Compra 2 Envio Gratis!,MLA409412,Cápsulas
MLA617905927,2 Cajas Capsulas Nespresso Todos Los Sabores X2 Envio Gratis,MLA409412,Cápsulas
MLA816145563,4 Capsulas Dolce Gusto Caffettino Recargable X3 Envio Gratis,MLA409412,Cápsulas
MLA618178310,20 Capsulas Nespresso Variations Vainilla Chocolate Caramelo,MLA409412,Cápsulas
MLA753335178,20 Capsulas Nespresso Master Origin! Lleva 2 Envio Gratis!,MLA409412,Cápsulas
MLA738462824,Caja 16 Capsulas Dolce Gusto! Belgrano Lleva 5 Envio Gratis!,MLA409412,Cápsulas
MLA738462004,30 Capsulas Lavazza Nespresso Compatibles! X2 Envio Gratis!,MLA409412,Cápsulas
MLA686916987,Hot Sale! 40 Capsulas Viaggio Nespresso Lleva 2 Envio Gratis,MLA409412,Cápsulas
MLA683374917,2 Cajas X10 Capsulas Nespresso Lungo! Compra 2 Envio Gratis!,MLA409412,Cápsulas
MLA687422673,40 Capsulas Gimoka Nespresso Compatible Lleva 2 Envio Gratis,MLA409412,Cápsulas
MLA816145554,Sale! Caja 16 Capsulas Dolce Gusto! Compra 6 Y Envio Gratis!,MLA409412,Cápsulas
MLA743164214,3 Cajas Capsulas Dolce Gusto! Belgrano X2 Pack Envio Gratis!,MLA409412,Cápsulas
MLA824655929,Nuevo! Capsulas Nespresso Nordic Almond Vainilla Ed Lim 2020,MLA409412,Cápsulas
MLA738154140,Caja 10 Capsulas Cafe Nespresso! Belgrano! Todos Los Sabores,MLA409412,Cápsulas
MLA810392014,20 Capsulas Nespresso Volluto Belgrano Lleva 2 Envio Gratis!,MLA409412,Cápsulas
MLA615778681,Pack 48 Capsulas Chai Tea Latte Dolce Gusto! X2 Envio Gratis,MLA409412,Cápsulas
MLA619685897,Caja X16 Capsulas Dolce Gusto - Nescafe! Todos Los Sabores,MLA409412,Cápsulas
MLA614530277,Nuevas! 20 Capsulas Nespresso Barista 2019! X2 Envio Gratis!,MLA409412,Cápsulas
MLA861885476,Sale! 48 Capsulas Dolce Gusto Cortado! Lleva 2 Envio Gratis!,MLA409412,Cápsulas
MLA744328457,Promo! 3 Cajas De Capsulas Dolce Gusto! X2 Pack Envio Gratis,MLA409412,Cápsulas
MLA617405414,Caja Capsulas Nescafe Dolce Gusto Belgrano! X6 Envio Gratis!,MLA409412,Cápsulas
MLA810391440,20 Capsulas Nespresso Roma Belgrano! Compra 2 Envio Gratis!,MLA409412,Cápsulas
MLA810391124,20 Capsulas Nespresso Arpeggio Belgrano Lleva 2 Envio Gratis,MLA409412,Cápsulas
MLA851054608,20 Capsulas Nespresso Livanto Original! Lleva 2 Envio Gratis,MLA409412,Cápsulas
MLA614260136,20 Capsulas Nespresso Descafeinado Belgrano! X2 Envio Gratis,MLA409412,Cápsulas
MLA606807548,20 Capsulas Nespresso Venezia O Napoli Lleva 2 Envio Gratis!,MLA409412,Cápsulas
MLA860536628,Nuevas! 10 Capsulas Nespresso Vainilla Eclair Barista 2020!,MLA409412,Cápsulas
MLA743046410,Sale! 10 Cajas Capsulas Dolce Gusto! Belgrano + Envio Gratis,MLA409412,Cápsulas
MLA615518861,50 Capsulas Lungo Descafeinado Dolce Gusto! X2 Envio Gratis!,MLA409412,Cápsulas
MLA856605871,4 Capsulas Recargable Caffettino Dolce Gusto X3 Envio Gratis,MLA409412,Cápsulas
MLA743164163,Capsulas Nespresso Barista Chiaro Corto Scuro Belgrano Envio,MLA409412,Cápsulas
MLA861931643,"20 Capsulas Nespresso Barista Eclair, Caramel, Cocoa Truffle",MLA409412,Cápsulas
MLA860534831,Nuevas! Capsulas Nespresso Caramel Creme Brulee Barista 2020,MLA409412,Cápsulas
MLA851396700,20 Capsulas Nespresso Ristretto Original! X2 Envio Gratis!,MLA409412,Cápsulas
MLA853326454,50 Capsulas Cafe Aulait Dolce Gusto Belgrano X2 Envio Gratis,MLA409412,Cápsulas
MLA776999090,25 Capsulas Nespresso Pro Originales! X 2 Pack Envio Gratis!,MLA409412,Cápsulas
MLA829224390,25 Capsulas Nespresso Profesional Gemini Por 2 Envio Gratis!,MLA409412,Cápsulas
MLA829572087,"Promo! Nescafe Gold Colombia, Alta Rica Lleva 4 Envio Gratis",MLA411823,Café Instantáneo
MLA836457610,Hot Sale! Cafe Nescafe Gold O Espresso Lleva 4 Envio Gratis!,MLA411823,Café Instantáneo
MLA836455814,Promo! 2 Cafe Nescafe Gold O Espresso  Lleva 2 Envio Gratis!,MLA411823,Café Instantáneo
MLA829572845,2 Nescafe Gold Colombia O Alta Rica Lleva 2 Envio Gratis!,MLA411823,Café Instantáneo
MLA836457860,Hot Sale! 2 Cafe Nescafe Gold Espresso Lleva 2 Envio Gratis!,MLA411823,Café Instantáneo
MLA836427729,Oferta! Nescafe Gold Espresso Belgrano Lleva 4 Envio Gratis!,MLA411823,Café Instantáneo
MLA856824140,Hot Sale! Nescafe Gold Tostado Molido 250g. X6 Envio Gratis!,MLA409413,Café en Granos y Molido
